{"line_color_white_count": 5276, "line_color_white_var": [15777815.210822884, 19324212.459109597, 9159858.1814899], "line_color_white_mean": [86.34609508282793, 82.04757328241101, 174.15257759609534], "line_color_yellow_count": 2922, "line_color_yellow_var": [6920309.492269465, 11966578.24196472, 3709928.312474794], "line_color_yellow_mean": [74.13997327857635, 75.24469541409997, 187.33196550307994], "line_color_simple_count": 456082, "line_color_simple_var": [786962756.1525159, 416295274.18901175, 898647388.84631], "line_color_simple_mean": [64.57440789922862, 43.685724962590506, 162.00857496122242], "laneWidth": 80.36057413988333, "minThrottle": 0.020000000000000802}